Analysis Neighborhood,Incident Category,Incident Number
Potrero Hill,Burglary,207
Visitacion Valley,Other Miscellaneous,140
Nob Hill,Vehicle Impounded,2
Western Addition,Suspicious Occ,73
Japantown,Homicide,1
Lakeshore,Arson,7
Seacliff,Assault,6
North Beach,Other,35
Mission,Larceny Theft,4711
Excelsior,Fire Report,3
Western Addition,Weapons Carrying Etc,26
McLaren Park,Miscellaneous Investigation,1
Excelsior,Vehicle Misplaced,1
Twin Peaks,Burglary,58
Castro/Upper Market,Missing Person,63
Portola,Burglary,78
Pacific Heights,Vandalism,10
Mission Bay,Other Miscellaneous,228
Presidio,Burglary,10
Inner Richmond,Assault,111
Haight Ashbury,Case Closure,39
Bayview Hunters Point,Burglary,402
Russian Hill,Weapons Offense,13
Tenderloin,Liquor Laws,2
Nob Hill,Disorderly Conduct,97
Outer Mission,Motor Vehicle Theft,152
Inner Sunset,Motor Vehicle Theft,115
Seacliff,Miscellaneous Investigation,1
Lone Mountain/USF,Motor Vehicle Theft,135
Potrero Hill,Weapons Carrying Etc,7
Russian Hill,Fraud,115
Western Addition,Burglary,212
McLaren Park,Assault,11
Potrero Hill,Suspicious Occ,54
Outer Mission,Suicide,1
Japantown,Embezzlement,2
Portola,Weapons Carrying Etc,9
Bayview Hunters Point,Suspicious Occ,316
Golden Gate Park,Traffic Collision,7
Twin Peaks,Weapons Carrying Etc,4
Lone Mountain/USF,Suicide,1
Presidio,Suspicious Occ,5
Outer Richmond,Missing Person,83
Japantown,Robbery,30
Haight Ashbury,Warrant,128
Hayes Valley,Vandalism,9
Mission,"Human Trafficking (A), Commercial Sex Acts",3
Bayview Hunters Point,Weapons Carrying Etc,154
Inner Richmond,Miscellaneous Investigation,26
Marina,Stolen Property,31
North Beach,Other Offenses,27
Portola,Suspicious Occ,50
Haight Ashbury,Sex Offense,10
Twin Peaks,Suspicious Occ,13
Mission,Offences Against The Family And Children,393
Financial District/South Beach,Recovered Vehicle,132
Excelsior,Weapons Offense,29
Mission,Arson,50
Outer Richmond,Robbery,53
Japantown,Missing Person,18
Sunset/Parkside,Motor Vehicle Theft?,3
Outer Richmond,Embezzlement,2
Visitacion Valley,Non-Criminal,140
West of Twin Peaks,Burglary,248
Hayes Valley,Forgery And Counterfeiting,21
Noe Valley,Offences Against The Family And Children,19
Lakeshore,Larceny Theft,992
Glen Park,Other,13
Russian Hill,Vehicle Misplaced,3
South of Market,Disorderly Conduct,297
Golden Gate Park,Family Offense,2
Chinatown,Weapons Carrying Etc,21
Russian Hill,Fire Report,4
Treasure Island,Weapons Carrying Etc,4
Mission Bay,Non-Criminal,224
Castro/Upper Market,Drug Violation,1
Marina,Case Closure,11
Oceanview/Merced/Ingleside,Vehicle Impounded,1
Treasure Island,Suspicious Occ,25
McLaren Park,Malicious Mischief,11
Chinatown,Suspicious Occ,114
Pacific Heights,Forgery And Counterfeiting,12
Castro/Upper Market,Embezzlement,2
West of Twin Peaks,Suspicious Occ,86
Castro/Upper Market,Robbery,93
Financial District/South Beach,Traffic Violation Arrest,146
Inner Richmond,Malicious Mischief,153
West of Twin Peaks,Weapons Carrying Etc,10
North Beach,Courtesy Report,2
Seacliff,Lost Property,3
Inner Richmond,Lost Property,84
Chinatown,Burglary,182
South of Market,Vehicle Impounded,11
Sunset/Parkside,Drug Offense,31
Outer Richmond,Homicide,1
Treasure Island,Burglary,42
Seacliff,Malicious Mischief,10
Marina,Warrant,62
Noe Valley,Larceny Theft,554
Excelsior,Fraud,102
Lakeshore,Offences Against The Family And Children,50
Haight Ashbury,Stolen Property,7
Marina,Sex Offense,25
Glen Park,Other Offenses,11
Oceanview/Merced/Ingleside,Disorderly Conduct,44
Nob Hill,Motor Vehicle Theft,224
Pacific Heights,Missing Person,48
Sunset/Parkside,Vehicle Misplaced,2
Inner Sunset,Disorderly Conduct,36
Outer Mission,Disorderly Conduct,77
Sunset/Parkside,Fire Report,5
Lone Mountain/USF,Disorderly Conduct,41
Castro/Upper Market,Vandalism,9
Visitacion Valley,Assault,181
Tenderloin,Traffic Collision,34
Seacliff,Other Miscellaneous,8
Potrero Hill,Offences Against The Family And Children,52
Chinatown,Arson,21
Portola,Offences Against The Family And Children,53
Nob Hill,Suicide,4
Mission,Suspicious Occ,362
Twin Peaks,Offences Against The Family And Children,10
Mission Bay,Assault,142
Portola,"Human Trafficking (A), Commercial Sex Acts",1
Bayview Hunters Point,Offences Against The Family And Children,396
Western Addition,Larceny Theft,2230
Inner Richmond,Other Miscellaneous,155
Presidio,Offences Against The Family And Children,5
Mission,Weapons Carrying Etc,198
Bayview Hunters Point,"Human Trafficking (A), Commercial Sex Acts",2
Lone Mountain/USF,Vehicle Impounded,2
Japantown,Forgery And Counterfeiting,10
Russian Hill,Drug Offense,27
Twin Peaks,Larceny Theft,558
Outer Richmond,Vandalism,3
Haight Ashbury,Traffic Violation Arrest,41
Outer Mission,Vehicle Impounded,14
Presidio Heights,Family Offense,3
Portola,Larceny Theft,591
Visitacion Valley,Miscellaneous Investigation,43
Presidio,Larceny Theft,287
Hayes Valley,Missing Person,97
Western Addition,Offences Against The Family And Children,155
McLaren Park,Other Miscellaneous,19
Bayview Hunters Point,Larceny Theft,1859
Bernal Heights,Traffic Collision,6
Potrero Hill,Larceny Theft,1121
Mission Bay,Miscellaneous Investigation,37
West of Twin Peaks,Arson,5
Mission,Burglary,688
Financial District/South Beach,Stolen Property,103
Marina,Recovered Vehicle,56
Treasure Island,Larceny Theft,107
Chinatown,Larceny Theft,1012
Presidio Heights,Traffic Collision,2
Seacliff,Non-Criminal,25
West of Twin Peaks,Offences Against The Family And Children,63
Bernal Heights,Family Offense,5
Noe Valley,Burglary,203
Sunset/Parkside,Suspicious,1
Russian Hill,Civil Sidewalks,2
Castro/Upper Market,Rape,1
Sunset/Parkside,Weapons Offense,18
Oceanview/Merced/Ingleside,Suicide,1
Lakeshore,Suspicious Occ,34
Western Addition,Arson,12
Inner Richmond,Non-Criminal,194
Japantown,Vandalism,2
Outer Richmond,Forgery And Counterfeiting,18
Lakeshore,Weapons Carrying Etc,5
Hayes Valley,Robbery,65
Financial District/South Beach,Case Closure,73
Hayes Valley,Embezzlement,6
Oceanview/Merced/Ingleside,Motor Vehicle Theft,112
Tenderloin,Family Offense,20
McLaren Park,Non-Criminal,19
Presidio,Arson,1
Marina,Traffic Violation Arrest,27
South of Market,Suicide,10
Mission Bay,Malicious Mischief,152
Noe Valley,Suspicious Occ,45
Bayview Hunters Point,Arson,58
Lincoln Park,Missing Person,1
Outer Richmond,Rape,1
Portola,Arson,3
Visitacion Valley,Lost Property,32
Noe Valley,Weapons Carrying Etc,1
Castro/Upper Market,Forgery And Counterfeiting,19
Pacific Heights,Robbery,42
Chinatown,Offences Against The Family And Children,82
South of Market,Motor Vehicle Theft,450
Financial District/South Beach,Warrant,437
Treasure Island,Offences Against The Family And Children,15
Visitacion Valley,Malicious Mischief,191
Sunset/Parkside,Fraud,320
Potrero Hill,Arson,7
Mission Bay,Lost Property,128
Lakeshore,Burglary,49
Excelsior,Drug Offense,25
Financial District/South Beach,Sex Offense,14
Haight Ashbury,Recovered Vehicle,50
West of Twin Peaks,Larceny Theft,1174
Lakeshore,Courtesy Report,5
Presidio Heights,Case Closure,1
Marina,Liquor Laws,1
Bayview Hunters Point,Gambling,1
Japantown,Prostitution,5
Inner Sunset,Suspicious,1
Lone Mountain/USF,Weapons Offense,4
Outer Richmond,Assault,159
Outer Mission,Weapons Offense,25
Inner Sunset,Weapons Offense,7
South of Market,Civil Sidewalks,2
Castro/Upper Market,,6
Japantown,Malicious Mischief,133
Castro/Upper Market,Miscellaneous Investigation,43
Bernal Heights,Stolen Property,9
Nob Hill,Drug Offense,81
Hayes Valley,Other Miscellaneous,263
McLaren Park,Missing Person,10
North Beach,Offences Against The Family And Children,49
Japantown,Lost Property,49
Mission,Other Offenses,142
Golden Gate Park,Recovered Vehicle,54
Lincoln Park,Non-Criminal,9
Financial District/South Beach,Traffic Collision,23
Potrero Hill,Gambling,1
North Beach,Larceny Theft,2440
Mission,Other,126
Tenderloin,Stolen Property,118
Inner Richmond,Missing Person,45
Outer Richmond,Miscellaneous Investigation,38
Outer Richmond,,7
Castro/Upper Market,Assault,415
Visitacion Valley,Vandalism,4
Presidio Heights,Warrant,15
Lone Mountain/USF,Fraud,76
Russian Hill,Motor Vehicle Theft,133
null,Recovered Vehicle,1
Inner Sunset,Fraud,106
Outer Mission,Fraud,91
Noe Valley,Courtesy Report,3
Seacliff,Missing Person,4
Pacific Heights,Other Miscellaneous,141
Mission Bay,Vandalism,9
Lone Mountain/USF,Fire Report,3
Bernal Heights,Warrant,79
Outer Mission,Vehicle Misplaced,1
Sunset/Parkside,Disorderly Conduct,101
Castro/Upper Market,Lost Property,189
Inner Sunset,Fire Report,1
Outer Mission,Fire Report,4
Mission,Courtesy Report,56
Tenderloin,Case Closure,33
Lone Mountain/USF,Vehicle Misplaced,1
Bernal Heights,Sex Offense,3
Mission Bay,Forgery And Counterfeiting,22
Golden Gate Park,Traffic Violation Arrest,31
Seacliff,Robbery,3
Oceanview/Merced/Ingleside,Drug Offense,10
Lakeshore,Other Offenses,16
South of Market,Motor Vehicle Theft?,2
Inner Richmond,Robbery,22
Noe Valley,Other,28
Lincoln Park,Other Miscellaneous,6
Inner Richmond,Embezzlement,6
Glen Park,Offences Against The Family And Children,13
Visitacion Valley,Forgery And Counterfeiting,2
Japantown,Miscellaneous Investigation,8
Castro/Upper Market,Malicious Mischief,356
Hayes Valley,Non-Criminal,227
Outer Richmond,Lost Property,79
Tenderloin,Sex Offense,38
Glen Park,Larceny Theft,340
Lakeshore,Other,13
Presidio Heights,Stolen Property,7
McLaren Park,Robbery,11
South of Market,Drug Offense,780
Sunset/Parkside,Vehicle Impounded,2
Noe Valley,Other Offenses,6
Tenderloin,Warrant,1419
North Beach,Arson,7
Excelsior,Motor Vehicle Theft,189
Bernal Heights,Case Closure,3
Mission Bay,Rape,2
Pacific Heights,Non-Criminal,171
Oceanview/Merced/Ingleside,Motor Vehicle Theft?,2
Outer Richmond,Malicious Mischief,269
Nob Hill,Civil Sidewalks,3
Excelsior,Suicide,2
Financial District/South Beach,Family Offense,9
Japantown,Assault,73
Bayview Hunters Point,Other,72
Financial District/South Beach,Liquor Laws,2
Western Addition,Other Offenses,55
Outer Mission,Motor Vehicle Theft?,1
Presidio,Other,10
Portola,Other,10
Outer Richmond,Other Miscellaneous,260
Bernal Heights,Recovered Vehicle,94
Chinatown,Courtesy Report,125
Twin Peaks,Other,9
Treasure Island,Courtesy Report,1
Hayes Valley,Assault,230
South of Market,Fire Report,11
Russian Hill,Disorderly Conduct,57
Golden Gate Park,Stolen Property,11
Nob Hill,Fraud,210
North Beach,Burglary,169
South of Market,Vehicle Misplaced,3
Marina,Traffic Collision,8
Potrero Hill,Other,13
Pacific Heights,,1
Pacific Heights,Miscellaneous Investigation,48
Tenderloin,Recovered Vehicle,384
Mission,Gambling,2
Lincoln Park,Malicious Mischief,22
Mission Bay,Missing Person,148
Castro/Upper Market,Other Miscellaneous,409
Nob Hill,Weapons Offense,20
Potrero Hill,Other Offenses,22
Seacliff,Vandalism,1
Japantown,Non-Criminal,75
Hayes Valley,,3
West of Twin Peaks,Courtesy Report,2
Outer Mission,Drug Offense,33
Inner Sunset,Drug Offense,9
Bayview Hunters Point,Other Offenses,115
Hayes Valley,Miscellaneous Investigation,42
Inner Richmond,Vandalism,4
North Beach,Weapons Carrying Etc,12
Presidio,Other Offenses,1
Lone Mountain/USF,Drug Offense,13
null,Stolen Property,1
Russian Hill,Vehicle Impounded,1
Western Addition,Other,47
Oceanview/Merced/Ingleside,Fire Report,2
Visitacion Valley,Missing Person,81
North Beach,Suspicious Occ,81
Portola,Other Offenses,15
Pacific Heights,Assault,78
Haight Ashbury,Family Offense,2
Twin Peaks,Other Offenses,7
Presidio Heights,Traffic Violation Arrest,9
Lincoln Park,Lost Property,1
Outer Richmond,Non-Criminal,255
Inner Richmond,Forgery And Counterfeiting,5
Oceanview/Merced/Ingleside,Fraud,81
Excelsior,Disorderly Conduct,76
Visitacion Valley,Robbery,84
Pacific Heights,Malicious Mischief,235
Glen Park,Burglary,58
Bernal Heights,Traffic Violation Arrest,62
West of Twin Peaks,Other,22
Western Addition,Courtesy Report,28
Golden Gate Park,Sex Offense,2
Lincoln Park,Assault,1
Pacific Heights,Lost Property,77
null,Case Closure,1
Mission Bay,Embezzlement,6
South of Market,Weapons Offense,87
Inner Sunset,Civil Sidewalks,1
Seacliff,Forgery And Counterfeiting,1
Haight Ashbury,Traffic Collision,5
South of Market,Suspicious,10
Lone Mountain/USF,Civil Sidewalks,1
Chinatown,Other Offenses,14
Golden Gate Park,Warrant,37
Treasure Island,Other Offenses,3
Mission Bay,Robbery,50
Bayview Hunters Point,Courtesy Report,47
South of Market,Fraud,322
West of Twin Peaks,Other Offenses,36
Nob Hill,Vehicle Misplaced,4
Castro/Upper Market,Non-Criminal,355
Sunset/Parkside,Motor Vehicle Theft,299
Hayes Valley,Malicious Mischief,383
Mission Bay,Drug Violation,2
Presidio,Courtesy Report,1
Presidio Heights,Recovered Vehicle,25
Nob Hill,Fire Report,3
Portola,Courtesy Report,6
Excelsior,Vehicle Impounded,18
Treasure Island,Other,4
Chinatown,Other,41
Mission Bay,Homicide,1
Visitacion Valley,Drug Violation,1
Golden Gate Park,Case Closure,24
Sunset/Parkside,Suicide,6
Oceanview/Merced/Ingleside,Weapons Offense,16
Glen Park,Weapons Carrying Etc,5
Tenderloin,Traffic Violation Arrest,261
null,Warrant,2
Hayes Valley,Lost Property,127
Marina,Family Offense,2
Glen Park,Suspicious Occ,34
Japantown,Other Miscellaneous,86
Potrero Hill,Courtesy Report,4
Haight Ashbury,Weapons Offense,8
South of Market,Traffic Collision,31
Western Addition,Non-Criminal,417
Russian Hill,Case Closure,11
Japantown,Other,3
Inner Richmond,Arson,2
North Beach,Drug Violation,1
Glen Park,Missing Person,12
Marina,Fire Report,2
Noe Valley,Miscellaneous Investigation,19
Noe Valley,,4
Marina,Vehicle Misplaced,2
Nob Hill,Family Offense,1
Outer Richmond,Courtesy Report,8
Chinatown,Other Miscellaneous,263
Financial District/South Beach,Civil Sidewalks,4
Treasure Island,Other Miscellaneous,30
Lakeshore,Assault,96
Russian Hill,Sex Offense,4
Mission,Prostitution,192
Russian Hill,Warrant,82
Oceanview/Merced/Ingleside,Traffic Collision,6
West of Twin Peaks,Other Miscellaneous,243
Potrero Hill,Non-Criminal,136
Mission,Malicious Mischief,1135
Noe Valley,Assault,42
Sunset/Parkside,Recovered Vehicle,125
Presidio,Non-Criminal,26
McLaren Park,Arson,1
Mission,Lost Property,567
Presidio Heights,Motor Vehicle Theft,68
Castro/Upper Market,Courtesy Report,7
Bayview Hunters Point,Non-Criminal,607
Japantown,Other Offenses,14
Haight Ashbury,Fraud,79
Excelsior,Stolen Property,13
Lakeshore,Miscellaneous Investigation,25
Twin Peaks,Non-Criminal,75
North Beach,Robbery,107
North Beach,Embezzlement,6
Portola,Non-Criminal,98
Golden Gate Park,Vehicle Impounded,8
Marina,Weapons Offense,12
null,Disorderly Conduct,1
Outer Richmond,Other Offenses,33
Noe Valley,Lost Property,32
Visitacion Valley,Weapons Carrying Etc,28
Bernal Heights,Suicide,1
Haight Ashbury,Fire Report,9
Financial District/South Beach,Motor Vehicle Theft?,2
Inner Richmond,Larceny Theft,802
Western Addition,Other Miscellaneous,469
McLaren Park,Offences Against The Family And Children,1
North Beach,Missing Person,41
Oceanview/Merced/Ingleside,Family Offense,3
Visitacion Valley,Suspicious Occ,42
Haight Ashbury,Vehicle Misplaced,4
Seacliff,Larceny Theft,59
Castro/Upper Market,Other,31
Mission Bay,Weapons Carrying Etc,17
Bernal Heights,Motor Vehicle Theft,216
Treasure Island,Non-Criminal,57
Chinatown,Non-Criminal,303
Excelsior,Case Closure,9
Mission Bay,Suspicious Occ,70
Noe Valley,Malicious Mischief,151
Mission,Assault,1577
Lakeshore,Prostitution,2
Visitacion Valley,Burglary,77
Tenderloin,Suicide,4
Castro/Upper Market,Other Offenses,52
South of Market,Family Offense,15
Golden Gate Park,Disorderly Conduct,11
Russian Hill,Stolen Property,32
West of Twin Peaks,Non-Criminal,257
Seacliff,Offences Against The Family And Children,4
Japantown,Courtesy Report,2
Potrero Hill,Other Miscellaneous,163
Sunset/Parkside,Traffic Violation Arrest,48
Lakeshore,Malicious Mischief,150
Portola,Other Miscellaneous,118
Outer Richmond,Other,23
Tenderloin,Motor Vehicle Theft,373
Lakeshore,Lost Property,71
Mission Bay,Burglary,155
Twin Peaks,Other Miscellaneous,40
Excelsior,Warrant,61
Nob Hill,Traffic Collision,9
Bayview Hunters Point,Other Miscellaneous,858
Marina,Fraud,172
McLaren Park,Larceny Theft,48
Inner Richmond,Offences Against The Family And Children,44
Glen Park,Embezzlement,1
Glen Park,Robbery,9
Financial District/South Beach,Drug Offense,138
Excelsior,Sex Offense,1
Presidio,Other Miscellaneous,17
Mission,Miscellaneous Investigation,212
Mission,,27
Bayview Hunters Point,Prostitution,1
Portola,Malicious Mischief,137
Twin Peaks,Malicious Mischief,60
Mission Bay,Arson,9
Hayes Valley,Courtesy Report,1
Portola,Prostitution,1
West of Twin Peaks,Miscellaneous Investigation,40
Financial District/South Beach,Fire Report,11
Bayview Hunters Point,Malicious Mischief,818
Potrero Hill,Lost Property,67
Financial District/South Beach,Vehicle Misplaced,5
Presidio,Malicious Mischief,18
Mission,Non-Criminal,1205
Bayview Hunters Point,Lost Property,168
Presidio Heights,Disorderly Conduct,14
Marina,Civil Sidewalks,10
Potrero Hill,Malicious Mischief,216
Chinatown,Assault,197
Treasure Island,Assault,48
Presidio,Lost Property,9
Lakeshore,Other Miscellaneous,119
Visitacion Valley,Arson,8
Portola,Lost Property,40
South of Market,Liquor Laws,2
Lincoln Park,Other Offenses,1
Twin Peaks,Lost Property,11
Potrero Hill,Prostitution,1
Pacific Heights,Courtesy Report,5
Western Addition,Lost Property,153
West of Twin Peaks,Assault,141
North Beach,Forgery And Counterfeiting,15
Noe Valley,Other Miscellaneous,86
Lincoln Park,Other,1
Outer Mission,Family Offense,3
Presidio Heights,Vehicle Impounded,4
Sunset/Parkside,Stolen Property,20
Chinatown,,3
Western Addition,Prostitution,1
Treasure Island,Miscellaneous Investigation,10
Chinatown,Miscellaneous Investigation,42
Russian Hill,Traffic Violation Arrest,40
Haight Ashbury,Drug Offense,129
Western Addition,Malicious Mischief,373
Excelsior,Recovered Vehicle,60
Mission Bay,Larceny Theft,675
Financial District/South Beach,Weapons Offense,80
West of Twin Peaks,Lost Property,81
Golden Gate Park,Motor Vehicle Theft,68
Potrero Hill,Miscellaneous Investigation,21
Financial District/South Beach,Suspicious,1
Pacific Heights,Other,22
Seacliff,Weapons Carrying Etc,1
McLaren Park,Burglary,4
Western Addition,Assault,324
Lincoln Park,Courtesy Report,1
Seacliff,Suspicious Occ,12
Inner Richmond,Suspicious Occ,65
Tenderloin,Disorderly Conduct,322
West of Twin Peaks,Prostitution,1
Visitacion Valley,Larceny Theft,294
Portola,Miscellaneous Investigation,24
Lone Mountain/USF,Traffic Collision,6
Haight Ashbury,Civil Sidewalks,217
Sunset/Parkside,Case Closure,15
Golden Gate Park,Suicide,2
Inner Sunset,Traffic Collision,5
Outer Mission,Traffic Collision,11
Lakeshore,Non-Criminal,123
Twin Peaks,Miscellaneous Investigation,11
Mission Bay,Weapons Offence,2
Bayview Hunters Point,,10
Hayes Valley,Other Offenses,36
Bayview Hunters Point,Miscellaneous Investigation,162
North Beach,Vandalism,8
Inner Richmond,Weapons Carrying Etc,1
West of Twin Peaks,Malicious Mischief,275
Bernal Heights,Vehicle Impounded,6
Mission,Other Miscellaneous,2259
Presidio,Miscellaneous Investigation,2
Noe Valley,Non-Criminal,124
Russian Hill,Recovered Vehicle,59
null,Motor Vehicle Theft,1
Seacliff,Burglary,18
Visitacion Valley,Offences Against The Family And Children,83
Treasure Island,Malicious Mischief,53
Excelsior,Traffic Violation Arrest,57
McLaren Park,Suspicious Occ,2
Potrero Hill,Assault,131
Chinatown,Malicious Mischief,235
Glen Park,Forgery And Counterfeiting,1
Hayes Valley,Other,41
Chinatown,Prostitution,1
Western Addition,,7
Western Addition,Miscellaneous Investigation,80
Portola,Assault,142
Sunset/Parkside,Sex Offense,10
Twin Peaks,Assault,34
Pacific Heights,Other Offenses,10
Tenderloin,Vehicle Impounded,3
Mission Bay,Offences Against The Family And Children,77
Financial District/South Beach,Fraud,568
Bernal Heights,Disorderly Conduct,68
Sunset/Parkside,Warrant,98
Bayview Hunters Point,Assault,988
Treasure Island,Lost Property,17
Presidio,Assault,18
Marina,Drug Offense,32
Chinatown,Lost Property,235
Inner Richmond,Burglary,137
West of Twin Peaks,Vandalism,6
North Beach,Malicious Mischief,345
Inner Richmond,Courtesy Report,32
Excelsior,Liquor Laws,3
Mission,"Human Trafficking, Commercial Sex Acts",7
Nob Hill,Traffic Violation Arrest,55
Oceanview/Merced/Ingleside,Recovered Vehicle,47
Mission,Embezzlement,40
Western Addition,Forgery And Counterfeiting,35
Noe Valley,Missing Person,33
Lone Mountain/USF,Case Closure,24
Tenderloin,Vehicle Misplaced,3
Sunset/Parkside,Traffic Collision,18
Outer Richmond,Arson,5
Glen Park,,1
Tenderloin,Fire Report,5
Mission,Robbery,630
Portola,Rape,1
Outer Mission,Case Closure,8
Glen Park,Miscellaneous Investigation,12
Inner Sunset,Case Closure,19
North Beach,Lost Property,197
Presidio Heights,Weapons Offense,3
Japantown,Offences Against The Family And Children,19
Bayview Hunters Point,Rape,5
Lincoln Park,Suspicious Occ,1
Presidio Heights,Fraud,44
Presidio,Forgery And Counterfeiting,1
Bayview Hunters Point,Forgery And Counterfeiting,44
Lakeshore,Missing Person,42
South of Market,Recovered Vehicle,405
Mission,Homicide,2
Japantown,Larceny Theft,1137
Twin Peaks,Forgery And Counterfeiting,4
Mission,Drug Violation,20
Western Addition,Rape,2
Portola,Forgery And Counterfeiting,8
Haight Ashbury,Motor Vehicle Theft,152
Outer Mission,Sex Offense,3
Inner Sunset,Sex Offense,1
Lincoln Park,Burglary,3
Castro/Upper Market,Arson,14
Glen Park,Assault,37
Lone Mountain/USF,Sex Offense,4
Outer Mission,Warrant,56
Potrero Hill,Forgery And Counterfeiting,4
Inner Sunset,Warrant,30
Chinatown,Vandalism,4
Haight Ashbury,Suicide,1
Golden Gate Park,Civil Sidewalks,1
Bernal Heights,Fire Report,1
Lone Mountain/USF,Warrant,54
Glen Park,Malicious Mischief,70
Chinatown,Forgery And Counterfeiting,23
Treasure Island,Forgery And Counterfeiting,2
Financial District/South Beach,Disorderly Conduct,212
Bernal Heights,Fraud,84
Castro/Upper Market,Offences Against The Family And Children,112
West of Twin Peaks,Rape,1
Potrero Hill,Vandalism,4
North Beach,Miscellaneous Investigation,18
Lakeshore,Robbery,32
Bayview Hunters Point,Vandalism,21
Hayes Valley,Weapons Carrying Etc,7
Inner Richmond,Other Offenses,20
North Beach,,4
Nob Hill,Recovered Vehicle,91
Presidio Heights,Fire Report,3
Golden Gate Park,Drug Offense,38
Presidio Heights,Vehicle Misplaced,1
Oceanview/Merced/Ingleside,Traffic Violation Arrest,11
Lakeshore,Embezzlement,5
Tenderloin,Suspicious,2
Portola,Vandalism,7
Pacific Heights,Burglary,274
Hayes Valley,Suspicious Occ,67
Russian Hill,Liquor Laws,2
Tenderloin,Weapons Offense,120
Outer Richmond,Larceny Theft,1802
Twin Peaks,Vandalism,1
Glen Park,Lost Property,23
Japantown,Arson,1
Noe Valley,Embezzlement,2
Inner Richmond,Other,18
Lakeshore,Homicide,1
Mission,Missing Person,441
Golden Gate Park,Motor Vehicle Theft?,1
McLaren Park,Other Offenses,4
Tenderloin,Fraud,312
Western Addition,Vandalism,9
Noe Valley,Robbery,20
Financial District/South Beach,Vehicle Impounded,3
Outer Richmond,Offences Against The Family And Children,76
Marina,Motor Vehicle Theft,136
Sunset/Parkside,Family Offense,13
Lone Mountain/USF,Stolen Property,7
North Beach,Assault,241
Hayes Valley,Burglary,306
West of Twin Peaks,Forgery And Counterfeiting,23
Bernal Heights,Weapons Offense,19
Outer Mission,Stolen Property,6
Pacific Heights,Suspicious Occ,60
Inner Sunset,Stolen Property,9
Castro/Upper Market,Larceny Theft,1549
Marina,Suicide,7
Seacliff,Other,3
Pacific Heights,Weapons Carrying Etc,5
South of Market,Traffic Violation Arrest,232
Bayview Hunters Point,Homicide,3
Twin Peaks,Drug Violation,1
Lincoln Park,Larceny Theft,202
Western Addition,Embezzlement,4
Mission,Forgery And Counterfeiting,85
Western Addition,Robbery,153
Portola,Drug Violation,1
Noe Valley,Vandalism,7
Oceanview/Merced/Ingleside,Stolen Property,7
Tenderloin,Civil Sidewalks,7
Haight Ashbury,Disorderly Conduct,40
Bayview Hunters Point,Drug Violation,8
Sunset/Parkside,Liquor Laws,1
Hayes Valley,Arson,30
Mission Bay,Courtesy Report,64
Nob Hill,Sex Offense,12
Potrero Hill,Drug Violation,1
West of Twin Peaks,Missing Person,85
Nob Hill,Warrant,166
Japantown,Burglary,70
Excelsior,Traffic Collision,7
Visitacion Valley,Courtesy Report,7
South of Market,Stolen Property,89
Pacific Heights,Arson,4
Russian Hill,Family Offense,2
Golden Gate Park,Fire Report,5
Presidio Heights,Drug Offense,2
Outer Mission,Traffic Violation Arrest,51
Chinatown,Missing Person,88
Inner Sunset,Traffic Violation Arrest,24
Haight Ashbury,Vehicle Impounded,1
Potrero Hill,Embezzlement,3
Treasure Island,Missing Person,33
Lone Mountain/USF,Traffic Violation Arrest,24
Potrero Hill,Robbery,47
Bayview Hunters Point,Robbery,366
Lakeshore,Vandalism,7
Presidio,Robbery,3
Glen Park,Other Miscellaneous,45
Japantown,Suspicious Occ,19
Nob Hill,Case Closure,4
Bayview Hunters Point,Embezzlement,34
Portola,Robbery,128
Mission,Rape,4
North Beach,Non-Criminal,288
Twin Peaks,Robbery,7
Portola,Embezzlement,2
Outer Richmond,Suspicious Occ,100
Presidio,Missing Person,2
South of Market,Case Closure,152
Bayview Hunters Point,Missing Person,278
Oceanview/Merced/Ingleside,Warrant,25
Russian Hill,Traffic Collision,7
Lakeshore,Forgery And Counterfeiting,14
Hayes Valley,Larceny Theft,2456
Bernal Heights,Drug Offense,31
Twin Peaks,Missing Person,8
Castro/Upper Market,Burglary,274
Outer Richmond,Weapons Carrying Etc,5
Portola,Missing Person,43
null,Weapons Offense,1
Visitacion Valley,Other Offenses,14
Marina,Disorderly Conduct,125
Oceanview/Merced/Ingleside,Sex Offense,3
Golden Gate Park,Fraud,39
Hayes Valley,Weapons Offence,3
Tenderloin,Motor Vehicle Theft?,2
Nob Hill,Stolen Property,43
Treasure Island,Embezzlement,1
Chinatown,Embezzlement,2
Potrero Hill,Missing Person,35
Chinatown,Robbery,98
Pacific Heights,Offences Against The Family And Children,39
Treasure Island,Robbery,8
Mission Bay,Other Offenses,19
West of Twin Peaks,Robbery,70
Tenderloin,Drug Offense,1816
South of Market,Sex Offense,249
Castro/Upper Market,Suspicious Occ,109
West of Twin Peaks,Embezzlement,2
Golden Gate Park,Weapons Offense,4
Marina,Vehicle Impounded,2
Oceanview/Merced/Ingleside,Case Closure,10
Pacific Heights,Larceny Theft,1373
Financial District/South Beach,Motor Vehicle Theft,325
Castro/Upper Market,Weapons Carrying Etc,17
Mission Bay,Other,17
Outer Richmond,Burglary,177
South of Market,Warrant,1062
Hayes Valley,Offences Against The Family And Children,79
Western Addition,Missing Person,153
North Beach,Other Miscellaneous,349
Outer Mission,Recovered Vehicle,77
Noe Valley,Forgery And Counterfeiting,3
Inner Sunset,Recovered Vehicle,39
Lone Mountain/USF,Recovered Vehicle,72
Mission,Vandalism,35
Glen Park,Non-Criminal,69
Excelsior,Family Offense,9
Financial District/South Beach,Suicide,5
Visitacion Valley,Other,9
Lakeshore,Rape,1
Tenderloin,Prostitution,120
West of Twin Peaks,Disorderly Conduct,70
Financial District/South Beach,Rape,3
Golden Gate Park,Non-Criminal,129
Mission Bay,Family Offense,6
Lincoln Park,Recovered Vehicle,1
Tenderloin,Malicious Mischief,719
Glen Park,Suspicious,1
Oceanview/Merced/Ingleside,Weapons Carrying Etc,13
Hayes Valley,Traffic Violation Arrest,34
Lakeshore,Motor Vehicle Theft,106
Glen Park,Weapons Offense,3
Castro/Upper Market,Case Closure,31
Tenderloin,Lost Property,570
Outer Richmond,Sex Offense,7
North Beach,Fire Report,1
Visitacion Valley,Family Offense,11
Oceanview/Merced/Ingleside,Suspicious Occ,48
Excelsior,Other,24
Presidio Heights,Miscellaneous Investigation,18
Outer Richmond,Warrant,61
South of Market,Burglary,617
Haight Ashbury,Missing Person,103
North Beach,Vehicle Misplaced,1
West of Twin Peaks,Vehicle Impounded,2
null,Non-Criminal,2
Noe Valley,Motor Vehicle Theft,145
Japantown,Stolen Property,7
Bernal Heights,Malicious Mischief,255
Russian Hill,Courtesy Report,3
Marina,Robbery,59
Excelsior,Other Offenses,10
Bernal Heights,Prostitution,1
Glen Park,Fraud,30
Marina,Embezzlement,1
Outer Richmond,Case Closure,14
Castro/Upper Market,Sex Offense,17
Noe Valley,Suicide,2
Outer Mission,Arson,4
Inner Sunset,Arson,2
South of Market,Suspicious Occ,265
Oceanview/Merced/Ingleside,Burglary,69
Lone Mountain/USF,Arson,2
Presidio Heights,Assault,44
Chinatown,Disorderly Conduct,55
Pacific Heights,Traffic Violation Arrest,13
South of Market,Weapons Carrying Etc,69
Treasure Island,Disorderly Conduct,17
Castro/Upper Market,Warrant,287
Financial District/South Beach,Forgery And Counterfeiting,85
Bernal Heights,Lost Property,54
Mission,Suicide,4
Western Addition,Vehicle Impounded,2
Russian Hill,Other,30
Nob Hill,Suspicious Occ,120
Lone Mountain/USF,Offences Against The Family And Children,35
Financial District/South Beach,Vandalism,15
Golden Gate Park,Other Miscellaneous,127
Presidio Heights,Malicious Mischief,61
Potrero Hill,Disorderly Conduct,50
Nob Hill,Weapons Carrying Etc,22
Inner Sunset,Offences Against The Family And Children,35
Outer Mission,Offences Against The Family And Children,80
Hayes Valley,Recovered Vehicle,93
Presidio,Disorderly Conduct,6
Outer Richmond,Stolen Property,17
Presidio Heights,Lost Property,32
North Beach,Weapons Offense,24
Mission,Motor Vehicle Theft,779
Bernal Heights,Assault,227
Bayview Hunters Point,Disorderly Conduct,331
Twin Peaks,Disorderly Conduct,18
Marina,Missing Person,39
Tenderloin,,23
Portola,Disorderly Conduct,51
Tenderloin,Miscellaneous Investigation,131
Glen Park,Fire Report,1
Western Addition,Disorderly Conduct,177
Japantown,Sex Offense,1
Pacific Heights,Recovered Vehicle,59
Nob Hill,Burglary,366
Japantown,Warrant,22
Haight Ashbury,Robbery,32
North Beach,Fraud,163
Mission Bay,Traffic Collision,7
null,Other Miscellaneous,2
Haight Ashbury,Embezzlement,1
Potrero Hill,Vehicle Impounded,1
Bayview Hunters Point,Vehicle Impounded,43
Presidio,Vehicle Impounded,2
Bernal Heights,,4
Russian Hill,Other Offenses,25
Bernal Heights,Miscellaneous Investigation,49
Castro/Upper Market,Stolen Property,24
Excelsior,Courtesy Report,2
Portola,Vehicle Impounded,1
Inner Sunset,Larceny Theft,795
Outer Mission,Larceny Theft,473
Tenderloin,Assault,1676
Lone Mountain/USF,Larceny Theft,726
Visitacion Valley,Traffic Collision,5
Noe Valley,Disorderly Conduct,21
Oceanview/Merced/Ingleside,Larceny Theft,405
Pacific Heights,Case Closure,7
North Beach,Civil Sidewalks,5
Marina,Rape,1
Hayes Valley,Warrant,105
Inner Richmond,Family Offense,3
null,Lost Property,1
Haight Ashbury,Vandalism,5
Chinatown,Suicide,4
Treasure Island,Suicide,3
Hayes Valley,Sex Offense,8
Lincoln Park,Stolen Property,2
Outer Richmond,Traffic Violation Arrest,50
Lakeshore,Vehicle Impounded,1
Nob Hill,Arson,15
Sunset/Parkside,Other,38
Financial District/South Beach,Drug Violation,1
South of Market,Offences Against The Family And Children,278
Chinatown,Motor Vehicle Theft,65
Financial District/South Beach,Homicide,1
Treasure Island,Motor Vehicle Theft,23
Bernal Heights,Non-Criminal,218
South of Market,"Human Trafficking (A), Commercial Sex Acts",3
null,Malicious Mischief,2
Glen Park,Motor Vehicle Theft?,1
Japantown,Recovered Vehicle,29
Pacific Heights,Sex Offense,6
Golden Gate Park,Lost Property,39
West of Twin Peaks,Motor Vehicle Theft,245
Sunset/Parkside,Other Offenses,39
Glen Park,Drug Offense,8
Financial District/South Beach,Robbery,533
Castro/Upper Market,Traffic Violation Arrest,64
Pacific Heights,Warrant,40
Hayes Valley,Case Closure,20
South of Market,Larceny Theft,3262
Financial District/South Beach,Embezzlement,38
McLaren Park,Family Offense,2
Tenderloin,Non-Criminal,1541
Oceanview/Merced/Ingleside,Offences Against The Family And Children,108
Lakeshore,Disorderly Conduct,54
West of Twin Peaks,Suicide,4
Presidio Heights,Other Miscellaneous,63
South of Market,Weapons Offence,2
Golden Gate Park,Malicious Mischief,122
Financial District/South Beach,"Human Trafficking, Commercial Sex Acts",1
Marina,Forgery And Counterfeiting,24
Western Addition,Motor Vehicle Theft,254
Lincoln Park,Warrant,1
Outer Mission,Burglary,98
Inner Sunset,Burglary,155
Marina,Vandalism,11
Golden Gate Park,Assault,74
Hayes Valley,Stolen Property,27
Lone Mountain/USF,Burglary,109
Oceanview/Merced/Ingleside,Arson,5
Nob Hill,Weapons Offence,1
Western Addition,Suicide,5
Bernal Heights,Other Miscellaneous,254
Outer Richmond,Recovered Vehicle,96
Mission,Vehicle Impounded,6
McLaren Park,Traffic Collision,2
Nob Hill,Larceny Theft,1825
Financial District/South Beach,Missing Person,159
Inner Richmond,Traffic Collision,7
Lone Mountain/USF,Suspicious Occ,44
Bayview Hunters Point,Suicide,10
South of Market,Arson,36
Pacific Heights,Stolen Property,17
Inner Sunset,Suspicious Occ,51
Outer Mission,Suspicious Occ,58
Twin Peaks,Suicide,1
Lone Mountain/USF,Weapons Carrying Etc,3
Potrero Hill,Motor Vehicle Theft,197
Golden Gate Park,Miscellaneous Investigation,16
Outer Mission,Weapons Carrying Etc,16
Inner Sunset,Weapons Carrying Etc,9
Nob Hill,Offences Against The Family And Children,104
null,Assault,4
North Beach,Drug Offense,51
Presidio,Motor Vehicle Theft,8
Mission,Disorderly Conduct,456
Castro/Upper Market,Recovered Vehicle,115
Bayview Hunters Point,Motor Vehicle Theft,812
Sunset/Parkside,Courtesy Report,23
Presidio Heights,Non-Criminal,58
Twin Peaks,Motor Vehicle Theft,42
Japantown,Traffic Violation Arrest,5
Potrero Hill,Suicide,1
Tenderloin,Other Miscellaneous,1788
Haight Ashbury,Forgery And Counterfeiting,12
Portola,Motor Vehicle Theft,153
Lakeshore,Fraud,88
Excelsior,Offences Against The Family And Children,123
Haight Ashbury,,5
Visitacion Valley,Traffic Violation Arrest,21
Haight Ashbury,Miscellaneous Investigation,23
South of Market,Gambling,1
Tenderloin,Homicide,2
Presidio Heights,Missing Person,33
Inner Richmond,Sex Offense,2
Tenderloin,Drug Violation,19
Chinatown,Drug Offense,39
Sunset/Parkside,Burglary,213
Treasure Island,Drug Offense,1
Noe Valley,Suspicious,1
Marina,Lost Property,126
Hayes Valley,Family Offense,3
Inner Richmond,Warrant,44
Noe Valley,Weapons Offense,5
Seacliff,Warrant,2
Mission Bay,Traffic Violation Arrest,30
Marina,Malicious Mischief,293
Golden Gate Park,Forgery And Counterfeiting,6
Bernal Heights,Embezzlement,4
Bernal Heights,Robbery,92
Inner Richmond,Case Closure,16
Bernal Heights,Drug Violation,1
Haight Ashbury,Assault,132
Russian Hill,Arson,5
Pacific Heights,Family Offense,2
Sunset/Parkside,Suspicious Occ,133
Tenderloin,"Human Trafficking, Commercial Sex Acts",1
Lincoln Park,Traffic Collision,2
Financial District/South Beach,Non-Criminal,719
Sunset/Parkside,Weapons Carrying Etc,9
Golden Gate Park,Rape,1
Lone Mountain/USF,Courtesy Report,1
Mission,Vehicle Misplaced,25
McLaren Park,Sex Offense,1
Tenderloin,Embezzlement,47
Inner Sunset,Courtesy Report,2
Outer Mission,Courtesy Report,18
West of Twin Peaks,Drug Offense,45
Mission,Fire Report,25
Tenderloin,Robbery,577
Excelsior,Larceny Theft,568
Noe Valley,Fraud,79
Glen Park,Motor Vehicle Theft,63
Western Addition,Civil Sidewalks,4
Lakeshore,Weapons Offense,6
McLaren Park,Warrant,2
Seacliff,Case Closure,1
Tenderloin,Missing Person,417
Marina,,9
Noe Valley,Vehicle Misplaced,3
Inner Richmond,Stolen Property,5
Marina,Miscellaneous Investigation,37
Noe Valley,Fire Report,1
Mission,Fraud,437
Pacific Heights,Traffic Collision,8
Mission Bay,Recovered Vehicle,55
Haight Ashbury,Lost Property,49
Castro/Upper Market,Liquor Laws,3
Western Addition,Drug Offense,79
Bayview Hunters Point,Motor Vehicle Theft?,2
Lone Mountain/USF,Other,17
Haight Ashbury,Malicious Mischief,181
Outer Mission,Other,19
Inner Sunset,Other,16
Visitacion Valley,Recovered Vehicle,91
Portola,Motor Vehicle Theft?,1
Russian Hill,Offences Against The Family And Children,34
Presidio,Drug Offense,2
Financial District/South Beach,Other Miscellaneous,1358
Lone Mountain/USF,Other Offenses,14
Marina,Assault,130
Golden Gate Park,Vandalism,3
Bayview Hunters Point,Drug Offense,109
Inner Sunset,Other Offenses,19
Outer Mission,Other Offenses,27
Twin Peaks,Drug Offense,7
Outer Richmond,Liquor Laws,1
Russian Hill,Larceny Theft,1871
Bernal Heights,Missing Person,97
Hayes Valley,Traffic Collision,7
Portola,Drug Offense,14
North Beach,Suicide,1
Presidio Heights,Robbery,14
Lakeshore,Fire Report,3
Lakeshore,Vehicle Misplaced,2
Presidio Heights,Embezzlement,6
McLaren Park,Stolen Property,1
Potrero Hill,Drug Offense,31
Mission,Suspicious,6
Excelsior,Arson,5
North Beach,Motor Vehicle Theft,128
Mission,Weapons Offense,172
Golden Gate Park,Robbery,24
Mission Bay,Warrant,87
Seacliff,Traffic Violation Arrest,3
South of Market,Other,150
Excelsior,Burglary,103
Lakeshore,Drug Offense,12
Japantown,Traffic Collision,4
Golden Gate Park,Embezzlement,1
West of Twin Peaks,Weapons Offense,5
Bernal Heights,Forgery And Counterfeiting,16
Financial District/South Beach,Lost Property,771
Mission Bay,Sex Offense,4
Chinatown,Fraud,142
Potrero Hill,Fire Report,11
Treasure Island,Fraud,9
Sunset/Parkside,Offences Against The Family And Children,169
Financial District/South Beach,Malicious Mischief,1114
Bayview Hunters Point,Fire Report,37
Visitacion Valley,Warrant,49
Nob Hill,Courtesy Report,2
Outer Richmond,Family Offense,6
Bayview Hunters Point,Vehicle Misplaced,3
Financial District/South Beach,Prostitution,88
Glen Park,Disorderly Conduct,9
Visitacion Valley,Sex Offense,3
Tenderloin,Rape,8
Portola,Fire Report,2
Oceanview/Merced/Ingleside,Other Offenses,17
Inner Richmond,Traffic Violation Arrest,23
Twin Peaks,Fire Report,1
Haight Ashbury,Other Miscellaneous,190
Tenderloin,Forgery And Counterfeiting,71
Excelsior,Weapons Carrying Etc,15
Western Addition,Vehicle Misplaced,7
null,Robbery,2
Western Addition,Fire Report,6
Oceanview/Merced/Ingleside,Other,11
McLaren Park,Traffic Violation Arrest,7
Excelsior,Suspicious Occ,64
Mission,Civil Sidewalks,12
Mission Bay,Case Closure,16
Marina,Non-Criminal,247
South of Market,Other Offenses,141
West of Twin Peaks,Fraud,126
Castro/Upper Market,Family Offense,8
Noe Valley,Drug Offense,3
Chinatown,Weapons Offense,10
Treasure Island,Weapons Offense,3
Sunset/Parkside,Larceny Theft,1389
Visitacion Valley,Case Closure,9
Financial District/South Beach,,8
Mission,Drug Offense,680
West of Twin Peaks,Fire Report,1
Financial District/South Beach,Miscellaneous Investigation,81
Potrero Hill,Suspicious,2
Nob Hill,Other Offenses,33
Inner Richmond,Recovered Vehicle,53
Potrero Hill,Weapons Offense,13
West of Twin Peaks,Vehicle Misplaced,1
Oceanview/Merced/Ingleside,Courtesy Report,5
Mission Bay,Stolen Property,27
Portola,Weapons Offense,12
null,Missing Person,3
Western Addition,Fraud,178
Tenderloin,Vandalism,10
Twin Peaks,Weapons Offense,6
Castro/Upper Market,Traffic Collision,4
Bayview Hunters Point,Weapons Offense,159
Seacliff,Recovered Vehicle,8
Russian Hill,Burglary,249
Bayview Hunters Point,Suspicious,1
Presidio,Weapons Offense,1
Pacific Heights,Liquor Laws,1
Visitacion Valley,Stolen Property,13
North Beach,Disorderly Conduct,72
South of Market,Courtesy Report,30
Financial District/South Beach,Assault,977
Marina,Other Miscellaneous,241
Bayview Hunters Point,Fraud,222
Japantown,Family Offense,1
Presidio,Fraud,26
Presidio Heights,Forgery And Counterfeiting,4
Portola,Fraud,39
Twin Peaks,Fraud,30
Western Addition,Weapons Offense,23
Haight Ashbury,Non-Criminal,190
Sunset/Parkside,Arson,15
Outer Richmond,Traffic Collision,17
Hayes Valley,Liquor Laws,2
McLaren Park,Recovered Vehicle,18
Russian Hill,Suspicious Occ,59
Golden Gate Park,Missing Person,120
Mission,Motor Vehicle Theft?,1
Nob Hill,Other,60
Chinatown,Vehicle Misplaced,3
North Beach,Vehicle Impounded,2
Bernal Heights,Vandalism,6
Treasure Island,Fire Report,1
Russian Hill,Weapons Carrying Etc,9
Chinatown,Fire Report,2
Potrero Hill,Fraud,63
Golden Gate Park,Suspicious Occ,32
Bayview Hunters Point,Traffic Collision,48
Bernal Heights,Larceny Theft,798
Russian Hill,Missing Person,44
Inner Richmond,Suicide,1
Golden Gate Park,Weapons Carrying Etc,1
null,Burglary,1
Lone Mountain/USF,,1
Chinatown,Family Offense,3
Sunset/Parkside,Rape,1
Lone Mountain/USF,Miscellaneous Investigation,18
Portola,Traffic Collision,8
Seacliff,Motor Vehicle Theft,13
Treasure Island,Family Offense,2
Outer Mission,,1
Hayes Valley,Drug Offense,34
Nob Hill,Other Miscellaneous,420
Castro/Upper Market,Weapons Offense,35
Visitacion Valley,Vehicle Impounded,1
Outer Mission,Miscellaneous Investigation,46
Glen Park,Case Closure,3
Inner Sunset,Miscellaneous Investigation,21
Twin Peaks,Traffic Collision,1
Outer Richmond,Fraud,166
Japantown,Fire Report,1
Excelsior,Drug Violation,1
Inner Richmond,Motor Vehicle Theft,130
Pacific Heights,Motor Vehicle Theft?,1
Marina,Other,28
Tenderloin,"Human Trafficking (A), Commercial Sex Acts",1
Tenderloin,Offences Against The Family And Children,412
Oceanview/Merced/Ingleside,Non-Criminal,129
Potrero Hill,Traffic Collision,1
Mission Bay,Vehicle Impounded,1
Pacific Heights,Drug Offense,25
McLaren Park,Motor Vehicle Theft,19
Glen Park,Warrant,10
Presidio Heights,Arson,3
North Beach,Stolen Property,43
Visitacion Valley,Disorderly Conduct,64
Lone Mountain/USF,Assault,78
Marina,Other Offenses,42
Excelsior,Robbery,118
Tenderloin,Larceny Theft,3711
Outer Richmond,Weapons Offense,13
Inner Sunset,Assault,98
Golden Gate Park,Burglary,53
Outer Mission,Assault,158
Outer Richmond,Suspicious,1
Sunset/Parkside,Forgery And Counterfeiting,25
Castro/Upper Market,Fraud,173
West of Twin Peaks,Family Offense,4
Bernal Heights,Offences Against The Family And Children,114
South of Market,Non-Criminal,1126
Mission,Juvenile Offenses,1
Western Addition,Traffic Collision,14
Haight Ashbury,Courtesy Report,2
Mission Bay,Disorderly Conduct,53
Mission,Liquor Laws,11
Tenderloin,Weapons Offence,3
Castro/Upper Market,Vehicle Misplaced,1
Lone Mountain/USF,Lost Property,60
Nob Hill,Non-Criminal,284
Sunset/Parkside,Vandalism,24
Inner Sunset,Lost Property,53
Castro/Upper Market,Fire Report,5
Outer Mission,Lost Property,63
North Beach,Case Closure,20
Bernal Heights,Arson,5
Western Addition,Family Offense,9
Oceanview/Merced/Ingleside,Other Miscellaneous,95
West of Twin Peaks,Traffic Collision,13
Outer Mission,Prostitution,1
Presidio Heights,Offences Against The Family And Children,11
Haight Ashbury,Other,16
Lone Mountain/USF,Malicious Mischief,130
Excelsior,Missing Person,87
Japantown,Weapons Offense,8
Inner Sunset,Malicious Mischief,190
Outer Mission,Malicious Mischief,183
Outer Richmond,Fire Report,8
Tenderloin,Arson,32
Bayview Hunters Point,Family Offense,50
Outer Richmond,Vehicle Misplaced,2
Hayes Valley,Civil Sidewalks,13
North Beach,Warrant,107
Japantown,Fraud,50
Haight Ashbury,Other Offenses,54
Portola,Family Offense,1
Chinatown,Traffic Collision,8
North Beach,Sex Offense,8
Presidio Heights,Larceny Theft,419
Russian Hill,Robbery,69
South of Market,Other Miscellaneous,1440
Marina,Courtesy Report,3
Potrero Hill,Family Offense,5
McLaren Park,Disorderly Conduct,4
South of Market,Prostitution,7
Lakeshore,Family Offense,6
Hayes Valley,Fraud,112
Visitacion Valley,Motor Vehicle Theft,96
Japantown,Civil Sidewalks,2
Mission Bay,Suicide,3
South of Market,Malicious Mischief,879
Nob Hill,Assault,323
null,Offences Against The Family And Children,2
Seacliff,Vehicle Impounded,1
Inner Richmond,Vehicle Impounded,5
South of Market,Lost Property,374
Bernal Heights,Weapons Carrying Etc,20
Outer Richmond,Drug Offense,26
Russian Hill,Vandalism,8
Tenderloin,Burglary,436
Visitacion Valley,Suicide,2
Pacific Heights,Suspicious,1
Bayview Hunters Point,Liquor Laws,2
Sunset/Parkside,Drug Violation,1
Financial District/South Beach,Other,61
Mission Bay,Motor Vehicle Theft,80
Pacific Heights,Weapons Offense,5
Bernal Heights,Suspicious Occ,80
Golden Gate Park,Larceny Theft,751
Sunset/Parkside,Embezzlement,2
Oceanview/Merced/Ingleside,Malicious Mischief,144
Outer Richmond,Motor Vehicle Theft?,1
Pacific Heights,Fraud,139
Mission,Traffic Collision,39
Sunset/Parkside,Robbery,80
Lone Mountain/USF,Other Miscellaneous,112
Financial District/South Beach,Other Offenses,57
Golden Gate Park,Offences Against The Family And Children,23
Seacliff,Disorderly Conduct,3
Inner Sunset,Other Miscellaneous,92
Outer Mission,Other Miscellaneous,206
North Beach,Recovered Vehicle,47
Nob Hill,,7
Western Addition,Liquor Laws,1
Nob Hill,Miscellaneous Investigation,36
Hayes Valley,Weapons Offense,21
Castro/Upper Market,Drug Offense,100
Glen Park,Traffic Violation Arrest,4
Bernal Heights,Burglary,227
Noe Valley,Family Offense,2
Inner Richmond,Disorderly Conduct,33
Tenderloin,Suspicious Occ,422
Oceanview/Merced/Ingleside,Lost Property,50
null,Larceny Theft,3
Excelsior,Forgery And Counterfeiting,12
Tenderloin,Weapons Carrying Etc,148
Mission,Family Offense,24
Excelsior,Vandalism,5
West of Twin Peaks,Liquor Laws,4
Lincoln Park,Fraud,3
Sunset/Parkside,Missing Person,207
Pacific Heights,Vehicle Misplaced,3
Oceanview/Merced/Ingleside,Assault,109
Japantown,Motor Vehicle Theft?,1
Noe Valley,Traffic Collision,2
Golden Gate Park,Arson,10
South of Market,,9
Castro/Upper Market,Civil Sidewalks,71
South of Market,Miscellaneous Investigation,100
Presidio Heights,Burglary,68
Inner Sunset,Non-Criminal,140
Outer Mission,Non-Criminal,185
Russian Hill,Forgery And Counterfeiting,13
Lakeshore,Traffic Collision,2
Japantown,Drug Offense,6
Lone Mountain/USF,Non-Criminal,134
Nob Hill,Lost Property,197
Glen Park,Recovered Vehicle,30
Oceanview/Merced/Ingleside,Miscellaneous Investigation,24
Presidio Heights,Suspicious Occ,31
Nob Hill,Prostitution,6
North Beach,Traffic Violation Arrest,43
Presidio Heights,Weapons Carrying Etc,2
South of Market,Assault,1232
Financial District/South Beach,Courtesy Report,13
Hayes Valley,Fire Report,2
Nob Hill,Malicious Mischief,388
Hayes Valley,Vehicle Misplaced,2
Outer Richmond,Civil Sidewalks,1
Marina,Offences Against The Family And Children,45
Inner Richmond,Fraud,105
Financial District/South Beach,Burglary,930
Mission,Stolen Property,101
Lakeshore,Sex Offense,4
Outer Richmond,Motor Vehicle Theft,213
Tenderloin,Other,315
Excelsior,Lost Property,48
Mission Bay,Drug Offense,29
McLaren Park,Weapons Offense,4
Oceanview/Merced/Ingleside,Forgery And Counterfeiting,8
Lakeshore,Warrant,27
Outer Mission,Missing Person,111
Inner Sunset,Missing Person,110
Chinatown,Traffic Violation Arrest,46
Pacific Heights,Disorderly Conduct,34
Excelsior,Malicious Mischief,203
Western Addition,Recovered Vehicle,150
Treasure Island,Traffic Violation Arrest,4
Lone Mountain/USF,Missing Person,165
Noe Valley,Case Closure,4
Outer Richmond,Suicide,4
Excelsior,Prostitution,1
Hayes Valley,Vehicle Impounded,1
Visitacion Valley,Drug Offense,13
Bernal Heights,Other Offenses,21
Russian Hill,Miscellaneous Investigation,19
South of Market,Rape,6
Seacliff,Fraud,14
Russian Hill,,10
Sunset/Parkside,Non-Criminal,456
Castro/Upper Market,Motor Vehicle Theft,209
Financial District/South Beach,Weapons Carrying Etc,46
Presidio Heights,Courtesy Report,2
Lakeshore,Case Closure,11
Presidio,Recovered Vehicle,6
South of Market,Forgery And Counterfeiting,46
Nob Hill,Vandalism,11
Bayview Hunters Point,Recovered Vehicle,744
Financial District/South Beach,Suspicious Occ,244
Twin Peaks,Recovered Vehicle,9
West of Twin Peaks,Traffic Violation Arrest,52
Portola,Recovered Vehicle,90
Bernal Heights,Other,20
Castro/Upper Market,Suicide,5
Noe Valley,Sex Offense,4
Oceanview/Merced/Ingleside,Rape,2
McLaren Park,Fraud,5
Pacific Heights,Vehicle Impounded,2
Tenderloin,Other Offenses,216
Marina,Larceny Theft,2323
Potrero Hill,Recovered Vehicle,99
Noe Valley,Warrant,31
Inner Richmond,Weapons Offense,10
Hayes Valley,Disorderly Conduct,89
Russian Hill,Assault,112
Haight Ashbury,Arson,14
Haight Ashbury,Offences Against The Family And Children,49
Excelsior,,3
Excelsior,Miscellaneous Investigation,48
Mission,Sex Offense,33
Presidio Heights,Other,8
Lakeshore,Stolen Property,5
Mission,Warrant,1091
Western Addition,Traffic Violation Arrest,68
Treasure Island,Recovered Vehicle,13
Chinatown,Recovered Vehicle,27
Russian Hill,Malicious Mischief,253
Bernal Heights,Courtesy Report,3
South of Market,Vandalism,28
Nob Hill,Forgery And Counterfeiting,23
Russian Hill,Lost Property,88
Glen Park,Liquor Laws,1
Outer Mission,Drug Violation,1
Excelsior,Assault,222
Lone Mountain/USF,Robbery,51
Inner Sunset,Embezzlement,2
Potrero Hill,Traffic Violation Arrest,15
Tenderloin,Courtesy Report,49
Mission,Case Closure,36
Outer Mission,Robbery,107
Inner Sunset,Robbery,15
Lone Mountain/USF,Embezzlement,3
Nob Hill,Rape,1
Sunset/Parkside,Other Miscellaneous,283
Presidio Heights,Other Offenses,9
Twin Peaks,Traffic Violation Arrest,12
Inner Richmond,Fire Report,7
Japantown,Motor Vehicle Theft,46
Noe Valley,Stolen Property,13
Portola,Traffic Violation Arrest,17
Inner Richmond,Vehicle Misplaced,3
Haight Ashbury,Larceny Theft,801
West of Twin Peaks,Recovered Vehicle,129
Presidio,Traffic Violation Arrest,2
Oceanview/Merced/Ingleside,Vandalism,4
Bayview Hunters Point,Traffic Violation Arrest,100
Marina,Arson,6
Castro/Upper Market,Disorderly Conduct,112
Lone Mountain/USF,Vandalism,1
Golden Gate Park,Other Offenses,12
South of Market,Homicide,3
Treasure Island,Warrant,4
Financial District/South Beach,Offences Against The Family And Children,144
Mission,Recovered Vehicle,400
Outer Richmond,Vehicle Impounded,10
Chinatown,Warrant,92
Marina,Burglary,328
Inner Sunset,Vandalism,4
Outer Mission,Vandalism,3
Sunset/Parkside,Lost Property,142
Financial District/South Beach,"Human Trafficking (A), Commercial Sex Acts",8
Inner Richmond,Drug Offense,20
North Beach,Traffic Collision,5
Chinatown,Sex Offense,2
Hayes Valley,Suicide,2
South of Market,Drug Violation,4
Mission Bay,Fraud,218
West of Twin Peaks,Case Closure,13
Western Addition,Stolen Property,41
Sunset/Parkside,Prostitution,1
Seacliff,Drug Offense,4
Oceanview/Merced/Ingleside,Robbery,41
Hayes Valley,Motor Vehicle Theft,186
Visitacion Valley,Fraud,56
Sunset/Parkside,Malicious Mischief,335
Lakeshore,Traffic Violation Arrest,22
Financial District/South Beach,Weapons Offence,1
Marina,Weapons Carrying Etc,10
Pacific Heights,Suicide,6
Bayview Hunters Point,Stolen Property,56
South of Market,"Human Trafficking, Commercial Sex Acts",2
Visitacion Valley,Weapons Offense,43
Castro/Upper Market,Vehicle Impounded,1
Outer Richmond,Disorderly Conduct,83
Presidio,Stolen Property,4
Glen Park,Family Offense,1
Portola,Stolen Property,9
Noe Valley,Traffic Violation Arrest,8
Marina,Suspicious Occ,59
Treasure Island,Case Closure,4
Excelsior,Non-Criminal,207
Bernal Heights,Gambling,1
Twin Peaks,Stolen Property,3
Chinatown,Case Closure,12
Pacific Heights,Motor Vehicle Theft,156
Nob Hill,Missing Person,117
South of Market,Robbery,406
Mission Bay,Suspicious,6
Golden Gate Park,Other,15
West of Twin Peaks,Sex Offense,6
South of Market,Embezzlement,20
Mission Bay,Weapons Offense,5
Financial District/South Beach,Larceny Theft,6450
Potrero Hill,Stolen Property,6
West of Twin Peaks,Warrant,106
Russian Hill,Other Miscellaneous,234
Bayview Hunters Point,Case Closure,21
Nob Hill,Embezzlement,4
Nob Hill,Robbery,146
South of Market,Missing Person,413
Haight Ashbury,Burglary,147
Presidio,Case Closure,2
Lakeshore,Recovered Vehicle,44
Inner Sunset,Rape,1
Outer Mission,Rape,2
Portola,Case Closure,1
Sunset/Parkside,Miscellaneous Investigation,99
Twin Peaks,Case Closure,9
Chinatown,Stolen Property,18
Sunset/Parkside,,3
Glen Park,Traffic Collision,2
Golden Gate Park,Courtesy Report,5
Western Addition,Sex Offense,9
Japantown,Disorderly Conduct,47
Lincoln Park,Motor Vehicle Theft,3
Western Addition,Warrant,215
Mission,Traffic Violation Arrest,548
Potrero Hill,Case Closure,5
Excelsior,Other Miscellaneous,238
Presidio,Sex Offense,2
Haight Ashbury,Weapons Carrying Etc,15
Twin Peaks,Warrant,10
Bayview Hunters Point,Sex Offense,11
Portola,Warrant,38
Twin Peaks,Sex Offense,2
Presidio,Warrant,6
Haight Ashbury,Suspicious Occ,53
Visitacion Valley,Vehicle Misplaced,1
Portola,Sex Offense,5
Visitacion Valley,Fire Report,5
Oceanview/Merced/Ingleside,Missing Person,51
North Beach,Family Offense,3
Bayview Hunters Point,Warrant,392
Sunset/Parkside,Assault,241
Inner Richmond,Civil Sidewalks,1
Noe Valley,Recovered Vehicle,65
Outer Mission,Forgery And Counterfeiting,7
Potrero Hill,Warrant,62
Inner Sunset,Forgery And Counterfeiting,10
Russian Hill,Non-Criminal,195
West of Twin Peaks,Stolen Property,24
Lone Mountain/USF,Forgery And Counterfeiting,6
Western Addition,Case Closure,13
Japantown,Vehicle Impounded,1
Nob Hill,Drug Violation,1
Mission Bay,Vehicle Misplaced,1
Potrero Hill,Sex Offense,4
Mission Bay,Fire Report,3
Financial District/South Beach,Arson,38
